ID,icon_file_name,display_name,category,difficulty,season
2,icon002_郵便ポスト.png,郵便ポスト,街インフラ,easy,all
3,icon003_信号機.png,信号機,街インフラ,easy,all
4,icon004_横断歩道.png,横断歩道,街インフラ,easy,all
5,icon005_カーブミラー.png,カーブミラー,街インフラ,easy,all
6,icon006_飛び出し坊や.png,飛び出し坊や,街インフラ,hard,all
7,icon007_マンホール.png,マンホール,街インフラ,easy,all
8,icon008_ガードレール.png,ガードレール,街インフラ,easy,all
11,icon011_道路反射板.png,道路反射板,街インフラ,normal,all
12,icon012_点字ブロック.png,点字ブロック,街インフラ,easy,all
14,icon014_玄関灯.png,玄関灯,街インフラ,easy,all
22,icon022_雨どい.png,雨どい,街インフラ,easy,all
23,icon023_小さな物置.png,小さな物置,街インフラ,easy,all
24,icon024_家の外階段.png,家の外階段,街インフラ,easy,all
25,icon025_すべり台.png,すべり台,街インフラ,normal,all
26,icon026_ブランコ.png,ブランコ,街インフラ,normal,all
27,icon027_ジャングルジム.png,ジャングルジム,街インフラ,hard,all
28,icon028_シーソー.png,シーソー,街インフラ,hard,all
29,icon029_鉄棒.png,鉄棒,街インフラ,easy,all
30,icon030_砂場.png,砂場,街インフラ,normal,all
31,icon031_バネの遊具.png,バネの遊具,街インフラ,easy,all
32,icon032_公園の水飲み場.png,公園の水飲み場,街インフラ,easy,all
33,icon033_通学路ポール.png,通学路ポール,自然・生き物,hard,all
34,icon034_公園のベンチ.png,公園のベンチ,自然・生き物,easy,all
35,icon035_公園の案内板.png,公園の案内板,自然・生き物,normal,all
36,icon036_公園のごみ箱.png,公園のごみ箱,自然・生き物,oni,all
37,icon037_たんぽぽ.png,たんぽぽ,自然・生き物,normal,spring
38,icon038_クローバー.png,クローバー,自然・生き物,normal,all
39,icon039_小さな白い花.png,小さな白い花,自然・生き物,easy,all
40,icon040_赤い実.png,赤い実,自然・生き物,hard,all
41,icon041_松ぼっくり.png,松ぼっくり,自然・生き物,normal,all
42,icon042_どんぐり.png,どんぐり,自然・生き物,normal,autumn
43,icon043_苔.png,苔,自然・生き物,normal,all
44,icon044_木の切り株.png,木の切り株,自然・生き物,easy,all
45,icon045_丸い葉っぱ.png,丸い葉っぱ,自然・生き物,normal,all
46,icon046_細長い葉っぱ.png,細長い葉っぱ,自然・生き物,hard,all
48,icon048_植え込み.png,植え込み,自然・生き物,easy,all
49,icon049_ブロック塀.png,ブロック塀,自然・生き物,easy,all
50,icon050_屋外の蛇口.png,屋外の蛇口,自然・生き物,normal,all
51,icon051_車止め.png,車止め,自然・生き物,easy,all
52,icon052_街のゴミ箱.png,街のゴミ箱,自然・生き物,easy,all
53,icon053_木の案内札.png,木の案内札,自然・生き物,hard,all
54,icon054_金網フェンス.png,金網フェンス,自然・生き物,easy,all
55,icon055_手すり.png,手すり,自然・生き物,easy,all
56,icon056_駐輪ラック.png,駐輪ラック,自然・生き物,easy,all
57,icon057_低いポール.png,低いポール,自然・生き物,easy,all
58,icon058_自動販売機.png,自動販売機,自然・生き物,easy,all
59,icon059_灰皿スタンド.png,灰皿スタンド,自然・生き物,normal,all
60,icon060_街灯.png,街灯,自然・生き物,easy,all
61,icon061_猫.png,猫,自然・生き物,normal,all
62,icon062_犬.png,犬,自然・生き物,normal,all
63,icon063_すずめ.png,すずめ,自然・生き物,normal,all
64,icon064_ハト.png,ハト,自然・生き物,normal,all
65,icon065_カラス.png,カラス,生活・学校,normal,all
66,icon066_ちょうちょ.png,ちょうちょ,生活・学校,hard,summer
67,icon067_てんとう虫.png,てんとう虫,生活・学校,hard,summer
68,icon068_アリ.png,アリ,生活・学校,normal,all
69,icon069_ダンゴムシ.png,ダンゴムシ,生活・学校,normal,all
70,icon070_カタツムリ.png,カタツムリ,生活・学校,hard,summer
71,icon071_トカゲ.png,トカゲ,生活・学校,oni,all
72,icon072_メダカ鉢.png,メダカ鉢,生活・学校,oni,all
73,icon073_のれん.png,のれん,生活・学校,easy,all
74,icon074_立て看板.png,立て看板,生活・学校,easy,all
75,icon075_店先の鉢植え.png,店先の鉢植え,生活・学校,easy,all
76,icon076_食品サンプル.png,食品サンプル,生活・学校,normal,all
77,icon077_シャッター.png,シャッター,生活・学校,easy,all
78,icon078_アーケード.png,アーケード,生活・学校,hard,all
79,icon079_ガチャガチャ.png,ガチャガチャ,生活・学校,normal,all
80,icon080_店先の箱.png,店先の箱,生活・学校,normal,all
81,icon081_テイクアウト窓口.png,テイクアウト窓口,生活・学校,easy,all
82,icon082_商店街の旗.png,商店街の旗,生活・学校,normal,all
83,icon083_レジ横の小窓.png,レジ横の小窓,生活・学校,hard,all
84,icon084_店のライト.png,店のライト,生活・学校,easy,all
87,icon087_通学路標識.png,通学路標識,生活・学校,normal,all
88,icon088_学校の門.png,学校の門,生活・学校,easy,all
89,icon089_校庭フェンス.png,校庭フェンス,生活・学校,easy,all
91,icon091_一輪車.png,一輪車,生活・学校,hard,all
92,icon092_サッカーボール.png,サッカーボール,生活・学校,normal,all
93,icon093_竹馬.png,竹馬,生活・学校,hard,all
97,icon097_じょうろ.png,じょうろ,家庭・食べ物,normal,all
98,icon098_ほうき.png,ほうき,家庭・食べ物,normal,all
99,icon099_傘立て.png,傘立て,家庭・食べ物,easy,all
100,icon100_洗濯ばさみ.png,洗濯ばさみ,家庭・食べ物,normal,all
102,icon102_室外機.png,室外機,家庭・食べ物,easy,all
105,icon105_園芸鉢.png,園芸鉢,家庭・食べ物,easy,all
107,icon107_ホースリール.png,ホースリール,家庭・食べ物,normal,all
109,icon109_おにぎり屋さん.png,おにぎり屋さん,家庭・食べ物,hard,all
110,icon110_パン屋さん.png,パン屋さん,家庭・食べ物,easy,all
111,icon111_サンドイッチ屋さん.png,サンドイッチ屋さん,家庭・食べ物,oni,all
112,icon112_アイスクリーム屋さん.png,アイスクリーム屋さん,家庭・食べ物,hard,all
113,icon113_ドーナツ屋さん.png,ドーナツ屋さん,家庭・食べ物,normal,all
114,icon114_クッキー屋さん.png,クッキー屋さん,家庭・食べ物,hard,all
116,icon116_紙パック飲料.png,紙パック飲料,家庭・食べ物,easy,all
117,icon117_コーヒーカップ.png,コーヒーカップ,家庭・食べ物,normal,all
118,icon118_お弁当屋さん.png,お弁当屋さん,家庭・食べ物,normal,all
119,icon119_たい焼き屋さん.png,たい焼き屋さん,家庭・食べ物,normal,all
120,icon120_焼きいも屋さん.png,焼きいも屋さん,家庭・食べ物,normal,winter
121,icon121_パーゴラ.png,パーゴラ,家庭・食べ物,easy,all
122,icon122_水飲み場.png,水飲み場,家庭・食べ物,easy,all
124,icon124_チェーン柵.png,チェーン柵,家庭・食べ物,easy,all
125,icon125_石橋.png,石橋,家庭・食べ物,hard,all
126,icon126_階段.png,階段,家庭・食べ物,easy,all
127,icon127_花壇.png,花壇,家庭・食べ物,easy,all
128,icon128_手押しポンプ.png,手押しポンプ,家庭・食べ物,hard,all
129,icon129_掲示板.png,掲示板,街構造・乗り物,easy,all
130,icon130_案内地図.png,案内地図,街構造・乗り物,easy,all
131,icon131_トイレマーク.png,トイレマーク,街構造・乗り物,easy,all
132,icon132_段差プレート.png,段差プレート,街構造・乗り物,easy,all
133,icon133_コンクリート壁.png,コンクリート壁,街構造・乗り物,easy,all
134,icon134_木製アーチ.png,木製アーチ,街構造・乗り物,hard,all
135,icon135_ガーデンランプ.png,ガーデンランプ,街構造・乗り物,normal,all
136,icon136_石段.png,石段,街構造・乗り物,normal,all
139,icon139_低い柵.png,低い柵,街構造・乗り物,easy,all
140,icon140_防火水槽マンホール.png,防火水槽マンホール,街構造・乗り物,normal,all
141,icon141_消火栓.png,消火栓,街構造・乗り物,normal,all
142,icon142_バス停.png,バス停,街構造・乗り物,easy,all
143,icon143_タクシー乗り場.png,タクシー乗り場,街構造・乗り物,easy,all
144,icon144_駐車場ゲート.png,駐車場ゲート,街構造・乗り物,easy,all
145,icon145_自転車.png,自転車,街構造・乗り物,easy,all
146,icon146_スクーター.png,スクーター,街構造・乗り物,easy,all
147,icon147_自動車.png,自動車,街構造・乗り物,easy,all
148,icon148_トラック.png,トラック,街構造・乗り物,easy,all
149,icon149_新幹線.png,新幹線,街構造・乗り物,hard,all
150,icon150_飛行機.png,飛行機,街構造・乗り物,hard,all
151,icon151_気球.png,気球,街構造・乗り物,oni,all
152,icon152_船.png,船,街構造・乗り物,hard,all
153,icon153_桜.png,桜,街構造・乗り物,normal,spring
154,icon154_こいのぼり.png,こいのぼり,街構造・乗り物,normal,spring
155,icon155_ひまわり.png,ひまわり,街構造・乗り物,normal,summer
156,icon156_スイカ.png,スイカ,街構造・乗り物,normal,summer
158,icon158_木の葉の山.png,木の葉の山,街構造・乗り物,easy,autumn
159,icon159_雪だるま.png,雪だるま,街構造・乗り物,normal,winter
160,icon160_ツリー.png,ツリー,街構造・乗り物,normal,winter
161,icon161_紅葉.png,紅葉,季節・形・数,normal,autumn
163,icon163_止まれ足型マーク.png,止まれ足型マーク,季節・形・数,easy,all
164,icon164_マフラー.png,マフラー,季節・形・数,normal,winter
166,icon166_リース.png,リース,季節・形・数,normal,winter
167,icon167_風鈴.png,風鈴,季節・形・数,hard,summer
168,icon168_うちわ.png,うちわ,季節・形・数,hard,summer
169,icon169_赤いボール.png,赤いボール,季節・形・数,normal,all
170,icon170_段ボール箱.png,段ボール箱,季節・形・数,easy,all
172,icon172_お地蔵さん.png,お地蔵さん,季節・形・数,normal,all
174,icon174_大きな岩.png,大きな岩,季節・形・数,normal,all
175,icon175_渦巻きオブジェ.png,渦巻きオブジェ,季節・形・数,oni,all
177,icon177_星.png,星,季節・形・数,oni,all
178,icon178_顔に見える石.png,顔に見える石,季節・形・数,oni,all
179,icon179_直線の棒.png,直線の棒,季節・形・数,hard,all
180,icon180_カラフル板.png,カラフル板,季節・形・数,normal,all
202,icon202_木漏れ日.png,木漏れ日,痕跡・発見,normal,all
205,icon205_縄跳び.png,縄跳び,生活・学校,hard,all
209,icon209_屋外喫煙所.png,屋外喫煙所,痕跡・発見,normal,all
210,icon210_自販機横のゴミ箱.png,自販機横のゴミ箱,痕跡・発見,easy,all
211,icon211_壁のイラスト.png,壁のイラスト,痕跡・発見,hard,all
212,icon212_銅像.png,銅像,痕跡・発見,hard,all
213,icon213_枝の風船.png,枝の風船,痕跡・発見,oni,all
214,icon214_しぼんだボール.png,しぼんだボール,痕跡・発見,hard,all
216,icon216_虹反射.png,虹反射,痕跡・発見,hard,all
219,icon219_鳥の巣.png,鳥の巣,痕跡・発見,hard,all
220,icon220_つぼみ.png,つぼみ,痕跡・発見,easy,spring
222,icon222_抜け殻.png,抜け殻,痕跡・発見,easy,summer
223,icon223_きのこ.png,きのこ,痕跡・発見,normal,autumn
224,icon224_ベンチ下ボール.png,ベンチ下ボール,痕跡・発見,hard,all
225,icon225_柵のタオル.png,柵のタオル,痕跡・発見,hard,all
245,icon245_補修されたマンホール.png,補修されたマンホール,線・模様観察,easy,all
253,icon253_強き雑草.png,強き雑草,線・模様観察,easy,all
254,icon254_根で盛り上がった舗装.png,根で盛り上がった舗装,線・模様観察,easy,all
257,icon257_十字路.png,十字路,線・模様観察,easy,all
258,icon258_T字路.png,T字路,線・模様観察,easy,all
259,icon259_行き止まり.png,行き止まり,線・模様観察,easy,all
261,icon261_坂道.png,坂道,線・模様観察,easy,all
262,icon262_急な坂.png,急な坂,線・模様観察,easy,all
274,icon274_コンクリート側溝.png,コンクリート側溝,住宅・外構,easy,all
275,icon275_水抜き穴.png,水抜き穴,線・模様観察,easy,all
277,icon277_側溝の落ち葉詰まり.png,側溝の落ち葉詰まり,線・模様観察,easy,autumn
280,icon280_集水ます.png,集水ます,線・模様観察,easy,all
346,icon346_地面より高いマンホール.png,地面より高いマンホール,面・高さ観察,hard,all
406,icon406_ひし形マーク.png,ひし形マーク,道路標示・路面表示,easy,all
409,icon409_左折矢印.png,左折矢印,道路標示・路面表示,easy,all
410,icon410_右折矢印.png,右折矢印,道路標示・路面表示,easy,all
411,icon411_自転車ナビライン.png,自転車ナビライン,道路標示・路面表示,easy,all
414,icon414_スクールゾーン舗装.png,スクールゾーン舗装,道路標示・路面表示,easy,all
415,icon415_緑舗装.png,緑舗装,道路標示・路面表示,hard,all
416,icon416_赤舗装.png,赤舗装,道路標示・路面表示,hard,all
418,icon418_注意色のしましま.png,注意色のしましま,案内・注意表示,easy,all
419,icon419_黄色い注意プレート.png,黄色い注意プレート,案内・注意表示,normal,all
420,icon420_赤い注意プレート.png,赤い注意プレート,案内・注意表示,hard,all
421,icon421_青い案内プレート.png,青い案内プレート,案内・注意表示,easy,all
422,icon422_緑の誘導表示.png,緑の誘導表示,案内・注意表示,hard,all
424,icon424_避難案内マーク.png,避難案内マーク,案内・注意表示,normal,all
425,icon425_駐輪禁止マーク.png,駐輪禁止マーク,案内・注意表示,normal,all
426,icon426_コンビニ外観.png,コンビニ外観,案内・注意表示,easy,all
427,icon427_防犯カメラ表示.png,防犯カメラ表示,案内・注意表示,easy,all
428,icon428_工事中カラー.png,工事中カラー,案内・注意表示,easy,all
430,icon430_古いステッカー跡.png,古いステッカー跡,案内・注意表示,easy,all
432,icon432_半分はがれた表示.png,半分はがれた表示,案内・注意表示,easy,all
442,icon442_グレーチング.png,グレーチング,舗装・縁石・路面状態,easy,all
461,icon461_傾いたポール.png,傾いたポール,劣化・補修・ズレ,normal,all
462,icon462_傾いた看板.png,傾いた看板,劣化・補修・ズレ,normal,all
463,icon463_曲がったフェンス.png,曲がったフェンス,劣化・補修・ズレ,normal,all
465,icon465_屋外招き猫.png,屋外招き猫,キャラクター掲示物,hard,all
466,icon466_シーサー.png,シーサー,キャラクター掲示物,normal,all
467,icon467_ふくろう置き物.png,ふくろう置き物,キャラクター掲示物,hard,all
468,icon468_黄色い量販店.png,黄色い量販店,キャラクター掲示物,normal,all
469,icon469_商店街のキャラ旗.png,商店街のキャラ旗,キャラクター掲示物,easy,all
470,icon470_商店街のバナー.png,商店街のバナー,キャラクター掲示物,easy,all
471,icon471_店先ポップスタンド.png,店先ポップスタンド,店舗周辺,normal,all
472,icon472_アーケード装飾.png,アーケード装飾,キャラクター掲示物,normal,all
473,icon473_シャッターキャラ絵.png,シャッターキャラ絵,キャラクター掲示物,normal,all
474,icon474_壁キャライラスト.png,壁キャライラスト,キャラクター掲示物,normal,all
475,icon475_公共掲示板キャラ.png,公共掲示板キャラ,公共施設,normal,all
477,icon477_元ハローマック跡っぽい店.png,元ハローマック跡っぽい店,観光・地域情報,oni,all
479,icon479_地域イベント掲示キャラ.png,地域イベント掲示キャラ,観光・地域情報,hard,all
480,icon480_地域マスコット立て看板.png,地域マスコット立て看板,観光・地域情報,hard,all
485,icon485_分別表示.png,分別表示,生活・地域設備,easy,all
486,icon486_ゴミ収集曜日掲示.png,ゴミ収集曜日掲示,生活・地域設備,easy,all
487,icon487_ペットボトル回収箱.png,ペットボトル回収箱,生活・地域設備,normal,all
488,icon488_電池回収ボックス.png,電池回収ボックス,生活・地域設備,hard,all
489,icon489_トレー回収箱.png,トレー回収箱,生活・地域設備,normal,all
490,icon490_牛乳パック回収箱.png,牛乳パック回収箱,生活・地域設備,normal,all
495,icon495_カラスよけネット.png,カラスよけネット,その他観察,easy,all
496,icon496_ゴミステーション.png,ゴミステーション,生活・地域設備,easy,all
498,icon498_消火栓プレート.png,消火栓プレート,その他観察,normal,all
499,icon499_路面反射鋲.png,路面反射鋲,道路・路面,normal,all
501,icon501_側溝コンクリ穴フタ.png,側溝コンクリ穴フタ,道路・路面,easy,all
508,icon508_屋外水道蛇口.png,屋外水道蛇口,商業・店舗,normal,all
513,icon513_小さなパン屋.png,小さなパン屋,商業・店舗,normal,all
514,icon514_個人ケーキ屋.png,個人ケーキ屋,商業・店舗,normal,all
515,icon515_惣菜屋.png,惣菜屋,商業・店舗,normal,all
516,icon516_八百屋.png,八百屋,商業・店舗,normal,all
517,icon517_町の肉屋.png,町の肉屋,商業・店舗,normal,all
518,icon518_魚屋.png,魚屋,商業・店舗,normal,all
519,icon519_クリーニング店.png,クリーニング店,商業・店舗,normal,all
520,icon520_コインランドリー.png,コインランドリー,商業・店舗,normal,all
521,icon521_理髪店サインポール.png,理髪店サインポール,商業・店舗,normal,all
522,icon522_昔ながらの美容室入口.png,昔ながらの美容室入口,その他観察,normal,all
523,icon523_個人薬局.png,個人薬局,商業・店舗,normal,all
524,icon524_文房具屋.png,文房具屋,商業・店舗,normal,all
525,icon525_証明写真機.png,証明写真機,その他観察,normal,all
526,icon526_冷凍餃子自販機.png,冷凍餃子自販機,商業・店舗,hard,all
527,icon527_卵自販機.png,卵自販機,商業・店舗,oni,all
528,icon528_おでん缶.png,おでん缶,商業・店舗,oni,all
533,icon533_ブロック塀の通気穴.png,ブロック塀の通気穴,その他観察,easy,all
547,icon547_住宅煙突.png,住宅煙突,住宅・外構,hard,all
548,icon548_銭湯煙突.png,銭湯煙突,住宅・外構,hard,all
550,icon550_水門ハンドル.png,水門ハンドル,その他観察,normal,all
551,icon551_銀杏.png,銀杏,その他観察,normal,autumn
553,icon553_スーパー.png,スーパー,商業・店舗,easy,all
554,icon554_ラーメン屋.png,ラーメン屋,商業・店舗,normal,all
555,icon555_カレー屋さん.png,カレー屋さん,商業・店舗,normal,all
556,icon556_ニワトリ.png,ニワトリ,その他観察,hard,all
557,icon557_バスケットゴール.png,バスケットゴール,その他観察,hard,all
558,icon558_ネイルショップ.png,ネイルショップ,商業・店舗,normal,all
559,icon559_軍手.png,軍手,痕跡・発見,hard,all
560,icon560_手袋（冬）.png,手袋（冬）,痕跡・発見,normal,winter
561,icon561_のぼりの土台.png,のぼりの土台,商業・店舗,normal,all
562,icon562_トマトジュース.png,トマトジュース,家庭・食べ物,normal,all
563,icon563_ココア.png,ココア,家庭・食べ物,normal,all
564,icon564_マウンテンデュー.png,マウンテンデュー,家庭・食べ物,normal,all
565,icon565_ソーラーパネル.png,ソーラーパネル,住宅・外構,normal,all
566,icon566_地中配電設備.png,地中配電設備,街インフラ,normal,all
567,icon567_インド国旗.png,インド国旗,観光・地域情報,normal,all
568,icon568_ネパール国旗.png,ネパール国旗,観光・地域情報,normal,all
569,icon569_フランス国旗.png,フランス国旗,観光・地域情報,hard,all
570,icon570_イタリア国旗.png,イタリア国旗,観光・地域情報,hard,all
571,icon571_アメリカ国旗.png,アメリカ国旗,観光・地域情報,hard,all
572,icon572_イギリス国旗.png,イギリス国旗,観光・地域情報,hard,all
573,icon573_お寺.png,お寺,観光・地域情報,normal,all
574,icon574_神社.png,神社,観光・地域情報,normal,all
575,icon575_長靴.png,長靴,痕跡・発見,hard,all
576,icon576_グラフィティアート.png,グラフィティアート,線・模様観察,easy,all
577,icon577_クレープ屋さん.png,クレープ屋さん,商業・店舗,hard,all
578,icon578_珍しいポスト.png,珍しいポスト,街インフラ,hard,all
579,icon579_オブジェ.png,オブジェ,その他観察,hard,all
580,icon580_町中華.png,町中華,商業・店舗,hard,all
581,icon581_おしるこ缶（冬）.png,おしるこ缶（冬）,家庭・食べ物,normal,winter
582,icon582_洗濯機.png,洗濯機,生活・地域設備,hard,all
583,icon583_三角コーン.png,三角コーン,街インフラ,easy,all
584,icon584_ボロボロ三角コーン.png,ボロボロ三角コーン,劣化・補修・ズレ,easy,all
585,icon585_サギ.png,サギ,自然・生き物,normal,all
586,icon586_消火器.png,消火器,街インフラ,normal,all
587,icon587_靴屋さん.png,靴屋さん,商業・店舗,normal,all
588,icon588_サボテン.png,サボテン,自然・生き物,normal,all
589,icon589_竹.png,竹,自然・生き物,normal,all
590,icon590_駅.png,駅,街構造・乗り物,normal,all
591,icon591_パチンコ.png,パチンコ,商業・店舗,normal,all
592,icon592_ビニールハウス.png,ビニールハウス,その他観察,normal,all
593,icon593_かかし.png,かかし,その他観察,normal,all
594,icon594_大型ビジョン.png,大型ビジョン,商業・店舗,normal,all
595,icon595_閉店セール.png,閉店セール,商業・店舗,hard,all
596,icon596_キッチンカー.png,キッチンカー,商業・店舗,normal,all
597,icon597_宣伝カー.png,宣伝カー,街構造・乗り物,normal,all
598,icon598_つばき（冬）.png,つばき,自然・生き物,normal,winter
599,icon599_つつじ（春）.png,つつじ,自然・生き物,normal,spring
600,icon600_あじさい（夏）.png,あじさい,自然・生き物,normal,summer
601,icon601_バラ（春夏秋）.png,バラ,自然・生き物,normal,summer
602,icon602_チューリップ（春）.png,チューリップ,自然・生き物,normal,spring
603,icon603_桜（春）.png,桜,自然・生き物,normal,spring
604,icon604_ユリ（春夏秋）.png,ユリ,自然・生き物,normal,all
605,icon605_コスモス（秋）.png,コスモス,自然・生き物,normal,autumn
606,icon606_50の数字.png,50の数字,季節・形・数,easy,all
607,icon607_100の数字.png,100の数字,季節・形・数,easy,all
608,icon608_時計.png,時計,季節・形・数,easy,all
610,icon610_スズキ（秋）.png,スズキ,自然・生き物,normal,autumn
612,icon612_川.png,川,自然・生き物,normal,all
613,icon613_橋.png,橋,街構造・乗り物,normal,all
614,icon614_カメ.png,カメ,自然・生き物,hard,all
615,icon615_公衆電話.png,公衆電話,生活・地域設備,normal,all
616,icon616_クモの巣.png,クモの巣,自然・生き物,hard,all
617,icon617_交番.png,交番,公共施設,normal,all
618,icon618_居酒屋.png,居酒屋,商業・店舗,normal,all
619,icon619_広葉樹.png,広葉樹,自然・生き物,easy,all
620,icon620_針葉樹.png,針葉樹,自然・生き物,easy,all
621,icon621_歯医者.png,歯医者,商業・店舗,easy,all
622,icon622_傘.png,傘,家庭・食べ物,easy,all
623,icon623_魚.png,魚,自然・生き物,normal,all
624,icon624_青い建物.png,青い建物,住宅・外構,normal,all
625,icon625_タクシー.png,タクシー,街構造・乗り物,easy,all
626,icon626_消防署.png,消防署,公共施設,normal,all
627,icon627_学校.png,学校,生活・学校,easy,all
628,icon628_レンガの建物.png,レンガの建物,住宅・外構,normal,all
629,icon629_かき氷（夏）.png,かき氷（夏）,家庭・食べ物,normal,summer
630,icon630_海.png,海,自然・生き物,oni,all
631,icon631_落とし物.png,落とし物,痕跡・発見,hard,all
632,icon632_動物の遊具.png,動物の遊具,生活・地域設備,normal,all
633,icon633_可愛い置物.png,可愛い置物,キャラクター掲示物,normal,all
634,icon634_車両進入禁止.png,車両進入禁止,標識,easy,all
635,icon635_自転車通行止め.png,自転車通行止め,標識,easy,all
636,icon636_転回禁止.png,転回禁止,標識,normal,all
637,icon637_追越禁止.png,追越禁止,標識,normal,all
638,icon638_駐停車禁止.png,駐停車禁止,標識,normal,all
639,icon639_駐車禁止.png,駐車禁止,標識,normal,all
640,icon640_高さ制限.png,高さ制限,標識,easy,all
641,icon641_歩行者専用.png,歩行者専用,標識,easy,all
642,icon642_電波塔.png,電波塔,街インフラ,normal,all
643,icon643_コンテナ.png,コンテナ,生活・地域設備,easy,all
644,icon644_タワマン.png,タワマン,住宅・外構,easy,all
645,icon645_ヤシの木.png,ヤシの木,自然・生き物,normal,all
646,icon646_ゴルフ打ちっぱなし.png,ゴルフ打ちっぱなし,生活・地域設備,normal,all
647,icon647_バッティングセンター.png,バッティングセンター,商業・店舗,hard,all
648,icon648_ドラム缶.png,ドラム缶,生活・地域設備,normal,all
650,icon650_ファミマ.png,ファミマ,商業・店舗,easy,all
651,icon651_ローソン.png,ローソン,商業・店舗,easy,all
652,icon652_セブンイレブン.png,セブンイレブン,商業・店舗,easy,all
653,icon653_デイリーヤマザキ.png,デイリーヤマザキ,商業・店舗,hard,all
654,icon654_重機.png,重機,街構造・乗り物,hard,all
655,icon655_ショベルカー.png,ショベルカー,街構造・乗り物,oni,all
656,icon656_ブルドーザー.png,ブルドーザー,街構造・乗り物,oni,all
657,icon657_ダンプカー.png,ダンプカー,街構造・乗り物,oni,all
658,icon658_クレーン車.png,クレーン車,街構造・乗り物,hard,all
659,icon659_ミキサー車.png,ミキサー車,街構造・乗り物,hard,all
660,icon660_セイコーマート.png,セイコーマート,商業・店舗,easy,all
661,icon661_ロードローラー.png,ロードローラー,街構造・乗り物,oni,all
662,icon662_捨てタイヤ.png,捨てタイヤ,劣化・補修・ズレ,easy,all
663,icon663_肉球.png,肉球,自然・生き物,normal,all
664,icon664_黄色いコーン.png,黄色いコーン,案内・注意表示,easy,all
665,icon665_緑色のコーン.png,緑色のコーン,案内・注意表示,normal,all
666,icon666_赤色のコーン.png,赤色のコーン,案内・注意表示,normal,all
667,icon667_営業中の看板.png,営業中の看板,店舗周辺,easy,all
668,icon668_〇〇ちゃんのお店.png,〇〇ちゃんのお店,商業・店舗,hard,all
669,icon669_踏切.png,踏切,街構造・乗り物,easy,all
670,icon670_貯水タンク.png,貯水タンク,生活・地域設備,easy,all
671,icon671_首曲がりミラー.png,首曲がりミラー,街インフラ,normal,all
672,icon672_白い恋人.png,白い恋人,家庭・食べ物,easy,all
673,icon673_雪ミク.png,雪ミク,キャラクター掲示物,hard,all
674,icon674_A&W.png,A&W,家庭・食べ物,easy,all
675,icon675_ハイビスカス.png,ハイビスカス,自然・生き物,easy,all
676,icon676_国際通り.png,国際通り,街構造・乗り物,easy,all
677,icon677_カメ入り泡盛.png,カメ入り泡盛,家庭・食べ物,normal,all
678,icon678_泡盛.png,泡盛,家庭・食べ物,normal,all
679,icon679_たこ焼き.png,たこ焼き,家庭・食べ物,easy,all
680,icon680_かに道楽.png,かに道楽,街構造・乗り物,normal,all
681,icon681_吉本新喜劇.png,吉本新喜劇,商業・店舗,normal,all
682,icon682_グリコサイン.png,グリコサイン,街インフラ,normal,all
683,icon683_ニッカのおじさん.png,ニッカのおじさん,街インフラ,normal,all
684,icon684_ゴミ袋.png,ゴミ袋,生活・地域設備,easy,all
685,icon685_自転車カバー.png,自転車カバー,生活・地域設備,easy,all
686,icon686_電柱の広告.png,電柱の広告,案内・注意表示,easy,all
687,icon687_赤い花.png,赤い花,自然・生き物,easy,all
688,icon688_黄色い花.png,黄色い花,自然・生き物,easy,all
689,icon689_一時停止.png,一時停止,標識,easy,all
690,icon690_国道番号.png,国道番号,標識,easy,all
691,icon691_最高速度.png,最高速度,標識,easy,all
692,icon692_横断歩道.png,横断歩道,標識,easy,all
693,icon693_一方通行.png,一方通行,標識,easy,all
694,icon694_歩行者横断禁止.png,歩行者横断禁止,標識,easy,all
695,icon695_アンテナ.png,アンテナ,住宅・外構,easy,all
696,icon696_パラボラアンテナ.png,パラボラアンテナ,住宅・外構,easy,all
697,icon697_蛇の抜け殻.png,蛇の抜け殻,自然・生き物,oni,all
698,icon698_擁壁（ようへき）.png,擁壁（ようへき）,住宅・外構,easy,all
699,icon699_土のう.png,土のう,住宅・外構,normal,all
700,icon700_水抜き穴.png,水抜き穴,住宅・外構,easy,all
701,icon701_水抜き穴から草.png,水抜き穴から草,住宅・外構,hard,all
702,icon702_コーンバー.png,コーンバー,街構造・乗り物,easy,all
703,icon703_ツタまみれの建物.png,ツタまみれの建物,住宅・外構,hard,all
704,icon704_法枠工擁壁.png,法枠工擁壁,街構造・乗り物,hard,all
705,icon705_粗大ゴミ.png,粗大ゴミ,住宅・外構,normal,all
706,icon706_給水塔.png,給水塔,生活・地域設備,hard,all
707,icon707_一部がない店名.png,一部がない店名,商業・店舗,oni,all
708,icon708_どこにも繋がってない階段.png,どこにも繋がってない階段,生活・地域設備,oni,all
709,icon709_ゴム製のタイヤ止め.png,ゴム製のタイヤ止め,生活・地域設備,hard,all
710,icon710_杉玉.png,杉玉,商業・店舗,oni,all
711,icon711_ソフトクリーム置物.png,ソフトクリーム置物,商業・店舗,hard,all
712,icon712_タイル壁.png,タイル壁,住宅・外構,hard,all
713,icon713_工事.png,工事,生活・地域設備,normal,all
714,icon714_家の基礎.png,家の基礎,生活・地域設備,oni,all
715,icon715_メッシュシート.png,メッシュシート,生活・地域設備,normal,all
716,icon716_中洲.png,中洲,生活・地域設備,normal,all
717,icon717_根固めブロック.png,根固めブロック,生活・地域設備,hard,all
718,icon718_線路.png,線路,生活・地域設備,easy,all
719,icon719_収納式車止め.png,収納式車止め,生活・地域設備,oni,all
720,icon720_定礎.png,定礎,案内・注意表示,easy,all
721,icon721_EV充電スタンド.png,EV充電スタンド,街構造・乗り物,hard,all
722,icon722_美術館.png,美術館,商業・店舗,oni,all
723,icon723_宝くじ売り場.png,宝くじ売り場,商業・店舗,hard,all
724,icon724_映画館.png,映画館,商業・店舗,oni,all
725,icon725_馬.png,馬,自然・生き物,oni,all
726,icon726_なんでも相談所.png,なんでも相談所,商業・店舗,oni,all
727,icon727_大仏.png,大仏,観光・地域情報,oni,all
728,icon728_県境.png,県境,観光・地域情報,oni,all
729,icon729_水槽.png,水槽,生活・地域設備,hard,all
730,icon730_鐘.png,鐘,観光・地域情報,hard,all
731,icon731_顔ハメパネル.png,顔ハメパネル,観光・地域情報,hard,all
732,icon732_コストコ.png,コストコ,商業・店舗,oni,all
733,icon733_ミスタードーナツ.png,ミスタードーナツ,商業・店舗,normal,all
734,icon734_マクドナルド.png,マクドナルド,商業・店舗,normal,all
735,icon735_ロッテリア.png,ロッテリア,商業・店舗,normal,all
736,icon736_ポリタンク.png,ポリタンク,商業・店舗,oni,all
737,icon737_スポーツジム.png,スポーツジム,商業・店舗,hard,all
738,icon738_パーキングエリア.png,パーキングエリア,商業・店舗,hard,all
739,icon739_シェアサイクリング.png,シェアサイクリング,商業・店舗,hard,all
740,icon740_薬局.png,薬局,商業・店舗,hard,all
741,icon741_西口（の文字）.png,西口（の文字）,生活・地域設備,oni,all
742,icon742_まいばすけっと.png,まいばすけっと,商業・店舗,normal,all
743,icon743_空車OR満車.png,空車OR満車,生活・地域設備,oni,all
